{"cameraMode":{"drawMode":0,"name":"Shaded","section":"Shading Mode"},"sceneLighting":false,"audioPlay":false,"sceneViewState":{"m_AlwaysRefresh":false,"showFog":true,"showSkybox":false,"showFlares":true,"showImageEffects":true,"showParticleSystems":true,"showVisualEffectGraphs":true,"m_FxEnabled":true},"in2DMode":false,"pivot":{"x":-0.2096879780292511,"y":4.019429683685303,"z":2.250108242034912},"rotation":{"x":-0.0826447457075119,"y":0.04094495251774788,"z":-0.0033969071228057148,"w":-0.9957348704338074},"size":2.3966593742370607,"orthographic":false}