{"cameraMode":{"drawMode":0,"name":"Shaded","section":"Shading Mode"},"sceneLighting":false,"audioPlay":false,"sceneViewState":{"m_AlwaysRefresh":false,"showFog":true,"showSkybox":false,"showFlares":true,"showImageEffects":true,"showParticleSystems":true,"showVisualEffectGraphs":true,"m_FxEnabled":true},"in2DMode":false,"pivot":{"x":1.3701049089431763,"y":0.345463365316391,"z":0.2545510530471802},"rotation":{"x":0.013446762226521969,"y":-0.0883764922618866,"z":0.001193155418150127,"w":0.9959958791732788},"size":3.5005106925964357,"orthographic":true}