{"cameraMode":{"drawMode":0,"name":"Shaded","section":"Shading Mode"},"sceneLighting":false,"audioPlay":false,"sceneViewState":{"m_AlwaysRefresh":false,"showFog":true,"showSkybox":false,"showFlares":true,"showImageEffects":true,"showParticleSystems":true,"showVisualEffectGraphs":true,"m_FxEnabled":true},"in2DMode":false,"pivot":{"x":0.07015171647071839,"y":3.2302722930908205,"z":-0.5516225695610046},"rotation":{"x":-0.0842076763510704,"y":-0.006878208834677935,"z":0.0005828468129038811,"w":-0.9964299201965332},"size":0.910013735294342,"orthographic":false}