{"cameraMode":{"drawMode":0,"name":"Shaded","section":"Shading Mode"},"sceneLighting":true,"audioPlay":false,"sceneViewState":{"m_AlwaysRefresh":false,"showFog":true,"showSkybox":true,"showFlares":true,"showImageEffects":true,"showParticleSystems":true,"showVisualEffectGraphs":true,"m_FxEnabled":true},"in2DMode":false,"pivot":{"x":-0.15952277183532716,"y":3.219780445098877,"z":-0.2759009897708893},"rotation":{"x":-0.060256488621234897,"y":0.023053180426359178,"z":-0.0013906890526413918,"w":-0.9979181885719299},"size":1.9547556638717652,"orthographic":false}